Model,Accuracy,AUC
Random Forest,0.8928571428571429,0.9305555555555556
XGBoost,0.7142857142857143,0.8666666666666667
